<xml xmlns="http://www.w3.org/1999/xhtml"><block type="setup_loop_structure" id="8qEL1tV%pg]/@7{;!wEn" x="0" y="0"><statement name="LOOP"><block type="dc_motor" id="2/@r?R/*~d__cP8CZv[9"><value name="channel"><block type="math_number" id="32"><field name="NUM">1</field></block></value><value name="speed"><block type="math_number" id="37"><field name="NUM">100</field></block></value><next><block type="dc_motor" id="fTWg2T[j5hyAo6J;V58X"><value name="channel"><block type="math_number" id="g(4W~ck;WI_,WUvGIDD]"><field name="NUM">2</field></block></value><value name="speed"><block type="math_number" id="`q_jphIHy|32IIajMvOz"><field name="NUM">-100</field></block></value><next><block type="dwenguino_delay" id="K3,iM%)3c/wJn)NaC`o2"><value name="DELAY_TIME"><block type="char_type" id="TwsN{3eKgPe#qbK*G;y?"><field name="BITMASK">100</field></block></value></block></next></block></next></block></statement></block></xml>