<xml xmlns="http://www.w3.org/1999/xhtml"><block type="setup_loop_structure" id="V9/6@;rsE|D#Da%TQ1aq" x="-79" y="184"><statement name="SETUP"><block type="dwenguino_lcd" id="4[oLkNw/z5;Ou4dn-zdD"><value name="text"><block type="text" id="48"><field name="TEXT">Hello Dwenguino!</field></block></value><value name="line_number"><block type="char_type" id="53"><field name="BITMASK">2</field></block></value><value name="character_number"><block type="char_type" id="58"><field name="BITMASK">0</field></block></value></block></statement></block></xml>